{"Epoch": 97, "Train Loss": 0.6854087710380554, "Validation Loss": 0.6687596103837413, "_timestamp": 1683641652.6382022, "_runtime": 246.79689621925354, "_step": 97, "_wandb": {"runtime": 247}}