{"Epoch": 9, "Train Loss": 0.6935946941375732, "Validation Loss": 0.6931904318832582, "_timestamp": 1683640422.3950028, "_runtime": 32.97949695587158, "_step": 9, "_wandb": {"runtime": 35}}