{"Epoch": 9, "Train Loss": 0.6864356398582458, "Validation Loss": 0.693674246630361, "_timestamp": 1683640501.906068, "_runtime": 32.830491065979004, "_step": 9, "_wandb": {"runtime": 35}}