{"Epoch": 9, "Train Loss": 0.6939485669136047, "Validation Loss": 0.6931311986459199, "_timestamp": 1683640699.377389, "_runtime": 28.623651027679443, "_step": 9, "_wandb": {"runtime": 31}}