{"Epoch": 9, "Train Loss": 0.5787334442138672, "Validation Loss": 0.60433129966259, "_timestamp": 1683639737.516377, "_runtime": 28.102856874465942, "_step": 9, "_wandb": {"runtime": 31}}