{"Epoch": 50, "Train Loss": 0.6589362025260925, "Validation Loss": 0.5103545450074698, "_timestamp": 1683641933.551308, "_runtime": 245.58946800231934, "_step": 50, "_wandb": {"runtime": 245}}