{"Epoch": 80, "Train Loss": 0.777181088924408, "Validation Loss": 0.7007439394070897, "_timestamp": 1683642360.385324, "_runtime": 411.7041790485382, "_step": 80, "_wandb": {"runtime": 416}}