{"Epoch": 98, "Train Loss": 0.6308491230010986, "Validation Loss": 0.559392823086631, "_timestamp": 1683641339.5063539, "_runtime": 256.7424969673157, "_step": 98, "_wandb": {"runtime": 258}}