{"Epoch": 25, "Train Loss": 0.6947527527809143, "Validation Loss": 0.6932562020837619, "_timestamp": 1683640840.232832, "_runtime": 67.32013297080994, "_step": 25, "_wandb": {"runtime": 67}}