{"Epoch": 46, "Train Loss": 0.6963261365890503, "Validation Loss": 0.6937383993338513, "_timestamp": 1683640985.156896, "_runtime": 119.78987503051758, "_step": 46, "_wandb": {"runtime": 119}}