{"Epoch": 29, "Train Loss": 0.6934500932693481, "Validation Loss": 0.693402775353001, "_timestamp": 1683641071.021418, "_runtime": 75.11635112762451, "_step": 29, "_wandb": {"runtime": 75}}