{"Epoch": 9, "Train Loss": 0.7094689011573792, "Validation Loss": 0.6745331543748097, "_timestamp": 1683640745.018462, "_runtime": 25.23489999771118, "_step": 9, "_wandb": {"runtime": 29}}